Código do Cliente#Primeiro Nome#Sobrenome#email#Gênero#Num Filhos#Data de Nascimento
1#Adore#Crush#adore10@gmail.com#F#0#13/01/1976
2#Pegeen#Sanday#pegeen2@yahoo.com#F#3#26/10/1974
3#Brooks#Prahl#brooks4@uol.com#M#2#18/09/1978
4#Bethena#Allot#bethena1@yahoo.com#F#4#06/10/1950
5#Giordano#Minihan#giordano9@gmail.com#M#0#04/06/1969
6#Terry#Kinge#terry9@hotmail.com#F#0#11/07/1981
7#Curtis#Hussy#curtis9@yahoo.com#M#0#12/10/1963
8#Gilly#Firby#gilly10@globo.com#F#0#25/11/1943
9#Justina#Van Arsdalen#justina7@uol.com#F#0#07/09/1969
10#Garvy#Ferrarese#garvy7@gmail.com#M#0#28/07/1994
11#Bronson#Jervoise#bronson10@gmail.com#M#0#10/09/1989
12#Nicholas#Ciccetti#nicholas1@yahoo.com#M#1#16/07/1983
13#Piper#McConnel#piper8@uol.com#F#0#08/11/1957
14#Loree#Kubek#loree6@hotmail.com#F#2#26/08/1981
15#Amandie#O'Towey#amandie6@gmail.com#F#3#08/04/1947
16#Clari#De Courtney#clari10@globo.com#F#0#31/12/1969
17#Colan#Shopcott#colan1@hotmail.com#M#0#04/06/1940
18#Christyna#Granville#christyna4@yahoo.com#F#4#31/12/1961
19#Lizbeth#Kinkaid#lizbeth1@yahoo.com#F#0#12/04/1978
20#Shelley#Moorcraft#shelley8@gmail.com#F#3#13/11/1988
21#Rowan#Utting#rowan9@uol.com#M#3#14/11/1985
22#Meade#Lickess#meade8@uol.com#F#3#22/03/1957
23#Anna#Tremontana#anna2@uol.com#F#2#25/08/1980
24#Beniamino#McCrackem#beniamino4@gmail.com#M#0#08/05/1947
25#Steve#Clouter#steve6@gmail.com#M#0#29/10/1971
26#Reggis#Albutt#reggis8@gmail.com#M#1#21/01/1971
27#Kip#Berggren#kip4@hotmail.com#F#4#28/01/1983
28#Fidole#Jane#fidole5@uol.com#M#4#09/06/1962
29#Sabine#Kingwell#sabine9@yahoo.com#F#3#03/01/1987
30#Lanna#Cholerton#lanna5@yahoo.com#F#0#05/12/1946
31#Melodee#Gierardi#melodee1@globo.com#F#3#21/09/1944
32#Jarad#Paeckmeyer#jarad2@globo.com#M#0#03/01/1986
33#Donelle#Goodsal#donelle8@hotmail.com#F#0#01/03/1955
34#Kayle#Anthonsen#kayle6@hotmail.com#F#0#10/05/1963
35#Derwin#Lacroux#derwin5@gmail.com#M#0#10/09/1987
36#Niven#Scruby#niven5@globo.com#M#0#15/12/1992
37#Whittaker#Tattershall#whittaker7@hotmail.com#M#0#11/12/1991
38#Hamid#Fantini#hamid9@gmail.com#M#2#26/11/1944
39#Zonnya#Dodds#zonnya4@uol.com#F#0#16/10/1999
40#Analiese#Cracknell#analiese10@gmail.com#F#0#06/10/1974
41#Franciskus#Adcocks#franciskus10@yahoo.com#M#0#11/12/1960
42#Marian#Rennles#marian6@gmail.com#F#3#17/03/1969
43#Missie#Ianne#missie2@hotmail.com#F#0#15/03/1984
44#Shandra#Brockelsby#shandra1@globo.com#F#0#17/03/1959
45#Chloris#Hebble#chloris10@uol.com#F#3#23/10/1978
46#Jay#Gaffey#jay5@globo.com#M#0#18/08/1972
47#Teodor#Noyce#teodor4@hotmail.com#M#0#28/12/1959
48#Audre#Spere#audre4@globo.com#F#0#03/09/1985
49#Mitzi#Diehn#mitzi1@globo.com#F#4#22/08/1942
50#Erie#Gon#erie6@gmail.com#M#0#18/07/1975
51#Oran#Christmas#oran7@hotmail.com#M#0#02/09/1956
52#Humfrid#Zannolli#humfrid4@globo.com#M#0#11/05/1973
53#Dominic#Celloni#dominic10@gmail.com#M#0#04/07/1967
54#Theodor#Melmoth#theodor6@yahoo.com#M#0#02/01/1986
55#Cally#Scamwell#cally6@uol.com#F#0#31/07/1985
56#Ragnar#Crabtree#ragnar7@uol.com#M#1#05/08/1980
57#Augusta#Rawlingson#augusta9@hotmail.com#F#0#05/06/1997
58#Pamella#Paquet#pamella3@uol.com#F#2#09/11/1995
59#Yankee#Hovie#yankee9@hotmail.com#M#3#07/06/1976
60#Nonna#Salamon#nonna1@hotmail.com#F#3#05/01/1992
61#Sanford#Mager#sanford3@globo.com#M#0#27/01/1957
62#Madison#Labern#madison1@gmail.com#M#0#01/04/1981
63#Emmaline#Doelle#emmaline10@uol.com#F#0#28/08/1997
64#West#Dauby#west3@gmail.com#M#0#23/01/1967
65#Zilvia#Kummerlowe#zilvia10@uol.com#F#2#26/10/1963
66#Rozina#Brookshaw#rozina6@gmail.com#F#0#14/02/1941
67#Gary#Bush#gary7@globo.com#M#1#28/11/1943
68#Peyton#Jee#peyton5@globo.com#M#3#26/02/2000
69#Chilton#Simkovich#chilton9@globo.com#M#4#22/12/1980
70#Tildi#Dishmon#tildi7@yahoo.com#F#0#04/05/1943
71#Rees#Broome#rees3@yahoo.com#M#0#16/07/1996
72#Nancee#Rickcord#nancee8@hotmail.com#F#0#02/10/2000
73#Bernardine#Mochan#bernardine5@hotmail.com#F#4#30/05/1982
74#Kasper#Frusher#kasper2@globo.com#M#0#06/01/1969
75#Ricky#Belsham#ricky7@gmail.com#F#0#12/11/1989
76#Raychel#Zorzutti#raychel4@gmail.com#F#3#29/06/1963
77#Vinni#Hirschmann#vinni6@yahoo.com#F#0#12/12/1979
78#Immanuel#Wilmot#immanuel6@uol.com#M#0#27/02/1967
79#Ernie#MacClure#ernie7@uol.com#M#0#01/11/1989
80#Rafaello#Stilldale#rafaello5@globo.com#M#2#25/10/1972
81#Aurea#Whyman#aurea3@gmail.com#F#0#06/04/1958
82#Hadrian#Kervin#hadrian6@uol.com#M#0#10/01/1985
83#Umeko#Vanacci#umeko9@gmail.com#F#0#09/04/1972
84#Alysia#Hopfner#alysia5@uol.com#F#0#18/09/1962
85#Denise#Curteis#denise6@uol.com#F#0#15/01/1997
86#Hugues#Yardley#hugues9@hotmail.com#M#2#18/05/1989
87#Josephine#McKeller#josephine4@globo.com#F#4#26/08/1942
88#Lancelot#Loffel#lancelot4@gmail.com#M#0#06/08/1966
89#Anne#Huerta#anne1@uol.com#F#1#17/08/1940
90#Corella#Kilcoyne#corella5@uol.com#F#0#27/07/1977
91#Nick#Jery#nick1@hotmail.com#M#1#15/07/1944
92#Nye#Wonfor#nye5@globo.com#M#0#03/03/1942
93#Rossy#Werndley#rossy8@gmail.com#M#1#09/02/1945
94#Guillemette#Schimank#guillemette5@uol.com#F#0#02/08/1954
95#Nari#Kenward#nari9@gmail.com#F#3#08/11/1958
96#Konstantine#Drewett#konstantine1@globo.com#M#0#18/04/1986
97#Brewer#Brogan#brewer1@yahoo.com#M#4#18/09/1994
98#Greg#Merwe#greg3@uol.com#M#0#05/03/1949
99#Skipp#Murby#skipp9@hotmail.com#M#0#07/07/1966
100#Serge#Shearstone#serge9@uol.com#M#1#25/01/1991
